Entity,Skills
SKILLS,fastai
SKILLS,Trading Strategies
SKILLS,Testing
SKILLS,GPT
SKILLS,Sports industry
SKILLS,CockroachDB
SKILLS,ICLR
SKILLS,TensorFlow
SKILLS,Julia
SKILLS,HDFS
SKILLS,Jira
SKILLS,KPIs
SKILLS,Flink
SKILLS,Topic modeling
SKILLS,Robotics
SKILLS,Tableau
SKILLS,Classification
SKILLS,Autoregressive models
SKILLS,SciPy
SKILLS,Pandas
SKILLS,XML
SKILLS,ANN
SKILLS,SageMaker
SKILLS,Qlik
SKILLS,Microservices
SKILLS,GPT-2
SKILLS,Fraud risk
SKILLS,Neo4j
SKILLS,HiveSQL
SKILLS,ES6
SKILLS,ETL
SKILLS,Statistics
SKILLS,OLAP
SKILLS,MVPs
SKILLS,Pipelines
SKILLS,Azkaban
SKILLS,3D graphics
SKILLS,CSV
SKILLS,MongoDB
SKILLS,EMNLP
SKILLS,BigQuery
SKILLS,Open Source
SKILLS,Grafana
SKILLS,Golang
SKILLS,Prompt writing
SKILLS,NLG
SKILLS,Minitab
SKILLS,Clinical NLP
SKILLS,Business Intelligence
SKILLS,OpenAI
SKILLS,Data warehouse
SKILLS,Data Warehousing
SKILLS,UX Research
SKILLS,Postdoc
SKILLS,Periscope
SKILLS,Security
SKILLS,SSIS
SKILLS,Spark
SKILLS,Drones
SKILLS,GPU
SKILLS,System architecture
SKILLS,NumPy
SKILLS,Model training
SKILLS,DB2
SKILLS,CI/CD
SKILLS,Machine Learning
SKILLS,Kibana
SKILLS,Big Data
SKILLS,Looker
SKILLS,Nvidia Jetson
SKILLS,Hadoop
SKILLS,Healthcare technology
SKILLS,Terraform
SKILLS,Ruby
SKILLS,DALL-E
SKILLS,Teaching
SKILLS,HPC
SKILLS,Monte Carlo
SKILLS,Clustering
SKILLS,GPT-3
SKILLS,Google Cloud
SKILLS,Semantic Analysis
SKILLS,TOGAF
SKILLS,ICML
SKILLS,ELT
SKILLS,Plotly
SKILLS,Econometrics
SKILLS,Jupyter
SKILLS,AI governance
SKILLS,Feature engineering
SKILLS,CX
SKILLS,Pentaho
SKILLS,ITIL
SKILLS,GitHub
SKILLS,React
SKILLS,Metabase
SKILLS,Cluster analysis
SKILLS,DevOps
SKILLS,Kubernetes
SKILLS,.NET
SKILLS,Excel
SKILLS,OpenCV
SKILLS,Perl
SKILLS,Driverâ€™s license
SKILLS,ASR
SKILLS,ggplot2
SKILLS,Causal inference
SKILLS,RabbitMQ
SKILLS,ISO 27001
SKILLS,TensorRT
SKILLS,GraphQL
SKILLS,Agile
SKILLS,Engineering
SKILLS,Probability theory
SKILLS,Rust
SKILLS,Cybernetics
SKILLS,Chemistry
SKILLS,RDF
SKILLS,Scrum
SKILLS,GitLab
SKILLS,HBase
SKILLS,Oozie
SKILLS,Databricks
SKILLS,Talend
SKILLS,Anyword
SKILLS,Human Machine Interaction
SKILLS,Pulsar
SKILLS,DataOps
SKILLS,A/B testing
SKILLS,Model inference
SKILLS,Clojure
SKILLS,ML infrastructure
SKILLS,MPP
SKILLS,Dataproc
SKILLS,Splunk
SKILLS,Lua
SKILLS,SQL
SKILLS,MLOps
SKILLS,Circuit Design
SKILLS,Redash
SKILLS,Data Mining
SKILLS,Parquet
SKILLS,Linear algebra
SKILLS,Drug discovery
SKILLS,GCP
SKILLS,E-commerce
SKILLS,AI strategy
SKILLS,ECS
SKILLS,Athena
SKILLS,Vue
SKILLS,Linux
SKILLS,Azure
SKILLS,NLTK
SKILLS,Caffe
SKILLS,Copywriting
SKILLS,Spotfire
SKILLS,Theano
SKILLS,Data governance
SKILLS,SDLC
SKILLS,Data strategy
SKILLS,Content creation
SKILLS,StyleGAN
SKILLS,SparkML
SKILLS,Data analysis
SKILLS,Credit risk
SKILLS,AI video
SKILLS,R&D
SKILLS,Biology
SKILLS,T-SQL
SKILLS,Seaborn
SKILLS,EDA
SKILLS,Avro
SKILLS,Blockchain
SKILLS,Weka
SKILLS,SharePoint
SKILLS,Industrial
SKILLS,Business Analytics
SKILLS,PhD
SKILLS,Chatbots
SKILLS,Maven
SKILLS,Stable Diffusion
SKILLS,Python
SKILLS,Data pipelines
SKILLS,Matplotlib
SKILLS,3D Reconstruction
SKILLS,Amplitude
SKILLS,Recommender systems
SKILLS,OCR
SKILLS,Quantum algorithms
SKILLS,Superset
SKILLS,FinTech
SKILLS,MariaDB
SKILLS,Travel
SKILLS,Radar
SKILLS,RDBMS
SKILLS,OKR
SKILLS,QlikView
SKILLS,NeurIPS
SKILLS,Matlab
SKILLS,Research
SKILLS,Airflow
SKILLS,Helm
SKILLS,Lambda
SKILLS,Trifacta
SKILLS,Airtable
SKILLS,AWS
SKILLS,Elasticsearch
SKILLS,Bayesian
SKILLS,TDD
SKILLS,Kafka
SKILLS,Oracle
SKILLS,KNIME
SKILLS,SLAM
SKILLS,HuggingFace
SKILLS,Bitbucket
SKILLS,Logstash
SKILLS,CAD
SKILLS,Data quality
SKILLS,SAS
SKILLS,R
SKILLS,Wordtune
SKILLS,UX
SKILLS,Angular
SKILLS,RPA
SKILLS,D3
SKILLS,Banking
SKILLS,AI content
SKILLS,Data management
SKILLS,Transformers
SKILLS,Survey data
SKILLS,OOP
SKILLS,Market research
SKILLS,Predictive Maintenance
SKILLS,Docker
SKILLS,Dagster
SKILLS,Cassandra
SKILLS,Diffusion models
SKILLS,Redshift
SKILLS,Finance
SKILLS,Django
SKILLS,DynamoDB
SKILLS,statsmodels
SKILLS,Prototyping
SKILLS,Statistical modeling
SKILLS,Data Analytics
SKILLS,NoSQL
SKILLS,Markov Chain
SKILLS,Data Studio
SKILLS,Flask
SKILLS,RapidMiner
SKILLS,Computer Science
SKILLS,Haskell
SKILLS,Genetics
SKILLS,Horovod
SKILLS,FiveTran
SKILLS,Streaming
SKILLS,Dataflow
SKILLS,Scala
SKILLS,Model deployment
SKILLS,MS SQL
SKILLS,Node.js
SKILLS,DDL
SKILLS,Firehose
SKILLS,JavaScript
SKILLS,SDL
SKILLS,EC2
SKILLS,TypeScript
SKILLS,NLP
SKILLS,Physics
SKILLS,Keras
SKILLS,XLNet
SKILLS,VR
SKILLS,PHP
SKILLS,QuickSight
SKILLS,ML models
SKILLS,Unstructured data
SKILLS,Nonprofit
SKILLS,ONNX
SKILLS,ChatGPT
SKILLS,Matillion
SKILLS,RNN
SKILLS,Data visualization
SKILLS,Speech synthesis
SKILLS,Map Reduce
SKILLS,LookML
SKILLS,Model design
SKILLS,Lidar
SKILLS,Informatica
SKILLS,Elixir
SKILLS,Visual SLAM
SKILLS,AI art
SKILLS,Computer Vision
SKILLS,Distributed Systems
SKILLS,C++
SKILLS,ELK
SKILLS,Power BI
SKILLS,Anaconda
SKILLS,STEM
SKILLS,Crypto
SKILLS,JSON
SKILLS,Kinesis
SKILLS,spaCy
SKILLS,Consulting firm
SKILLS,Weights & Biases
SKILLS,DataRobot
SKILLS,PySpark
SKILLS,REST API
SKILLS,Consulting
SKILLS,Deep Learning
SKILLS,Economics
SKILLS,Snowflake
SKILLS,Midjourney
SKILLS,HiveQL
SKILLS,Predictive modeling
SKILLS,BERT
SKILLS,PostgreSQL
SKILLS,Marketmuse
SKILLS,MySQL
SKILLS,Machine intelligence
SKILLS,JMLR
SKILLS,CUDA
SKILLS,Scikit-learn
SKILLS,MXNet
SKILLS,Autonomous Driving
SKILLS,Generative modeling
SKILLS,Conversational AI
SKILLS,Git
SKILLS,Teradata
SKILLS,XGBoost
SKILLS,Shell scripting
SKILLS,Ansible
SKILLS,APIs
SKILLS,Kanban
SKILLS,Pictory
SKILLS,Mathematics
SKILLS,MLFlow
SKILLS,Accounting concepts
SKILLS,PyTorch
SKILLS,API Development
SKILLS,Bigtable
LOC,Amman
LOC,Lyon
LOC,Nottingham
LOC,Cliffs
LOC,Haryana
LOC,Thane
LOC,Lithuania
LOC,New
LOC,Monterrey
LOC,Anderson
LOC,Leonberg
LOC,Roppongi
LOC,Sri
LOC,Midrand
LOC,Bruxelles
LOC,Edmonton
LOC,City
LOC,Kfar
LOC,Denver
LOC,Torrance
LOC,Calgary
LOC,Charlotte
LOC,Atlanta
LOC,Aberdeen
LOC,England
LOC,Eschborn
LOC,Republic
LOC,Nea
LOC,Aviv
LOC,Heredia
LOC,All
LOC,Callao
LOC,Watertown
LOC,Hybride
LOC,Chiasso
LOC,Kusterdingen
LOC,Len
LOC,EKH
LOC,Rotterdam
LOC,Urbandale
LOC,Ballerup
LOC,STATES
LOC,Bethesda
LOC,Barbara
LOC,Brislington
LOC,Vadodara
LOC,Perth
LOC,Montreal
LOC,UA
LOC,Culver
LOC,Lumpur
LOC,Santiago
LOC,Bengaluru
LOC,Guatemala
LOC,Zapopan
LOC,Colorado
LOC,Brooklyn
LOC,Pittsburgh
LOC,Montpellier
LOC,KY
LOC,Cork
LOC,Zimbabwe
LOC,Saint
LOC,Netherlands
LOC,Dallas
LOC,Arizona
LOC,Offices
LOC,Alkmaar
LOC,MO
LOC,Point
LOC,Wan
LOC,Bucharest
LOC,Bristol
LOC,Guelph
LOC,Lviv
LOC,Woburn
LOC,Bhl
LOC,Toronto
LOC,Quertaro
LOC,Union
LOC,Biassono
LOC,Abstatt
LOC,Wasquehal
LOC,Grove
LOC,Europe
LOC,Columbia
LOC,Muntinlupa
LOC,Romania
LOC,Orlando
LOC,El
LOC,Erkrath
LOC,Cincinnati
LOC,Fork
LOC,Cloudflare
LOC,Manchester
LOC,Garcia
LOC,FL
LOC,Emirates
LOC,Prague
LOC,Bangkok
LOC,Virginia
LOC,Montral
LOC,Orleans
LOC,Dulles
LOC,Gangnamgu
LOC,Bayreuth
LOC,Zadar
LOC,Praha
LOC,BadenWrttemberg
LOC,Aveiro
LOC,Nigeria
LOC,NJ
LOC,Docklands
LOC,Grande
LOC,Mountain
LOC,Kenya
LOC,Metro
LOC,Norfolk
LOC,Lexington
LOC,KS
LOC,RemoteDistributed
LOC,Salt
LOC,Chapel
LOC,Kuala
LOC,Eisenach
LOC,Nelson
LOC,Alto
LOC,Triangle
LOC,Krakw
LOC,Main
LOC,HautsdeFrance
LOC,Shannon
LOC,Slovak
LOC,Lancaster
LOC,Turkey
LOC,Tilburg
LOC,Szeged
LOC,Africa
LOC,Limassol
LOC,Limn
LOC,Mount
LOC,Southern
LOC,ClujNapoca
LOC,Home
LOC,Mumbai
LOC,Kingdom
LOC,Athens
LOC,Pune
LOC,Svres
LOC,Bay
LOC,Bowen
LOC,Edinburgh
LOC,JAL
LOC,OHCustomer
LOC,Crawley
LOC,Hawaii
LOC,Malaysia
LOC,Catalonia
LOC,Nantes
LOC,Karnataka
LOC,Australia
LOC,Valencia
LOC,CAN
LOC,Stovner
LOC,Windsor
LOC,Pleasanton
LOC,Lepas
LOC,Palo
LOC,La
LOC,UAE
LOC,Texas
LOC,Illinois
LOC,Eldoret
LOC,Hildesheim
LOC,Vancouver
LOC,Croatia
LOC,Waltham
LOC,Oakville
LOC,Kolkata
LOC,Boston
LOC,Alegre
LOC,GREEN
LOC,Paraguay
LOC,Mnchen
LOC,Chalandri
LOC,Veenendaal
LOC,Cary
LOC,Burlingame
LOC,Papendrecht
LOC,Tempe
LOC,Antwerp
LOC,Ho
LOC,Beverly
LOC,Sydney
LOC,NEW
LOC,Lima
LOC,BruggeKortrijk
LOC,Horb
LOC,Raleigh
LOC,Portugal
LOC,Campbell
LOC,Miami
LOC,SuitlandSilver
LOC,United
LOC,Wien
LOC,BC
LOC,Leon
LOC,Wilmington
LOC,Belfast
LOC,Laurel
LOC,AmericaEuropeAfrica
LOC,Belgrade
LOC,Czech
LOC,Warszawa
LOC,Great
LOC,Ch
LOC,Queensland
LOC,Minnesota
LOC,Italy
LOC,Wisconsin
LOC,Garca
LOC,Incline
LOC,Pradesh
LOC,Kbenhavn
LOC,Mechelen
LOC,NONANTOLA
LOC,NAMER
LOC,Governorate
LOC,Durham
LOC,Switzerland
LOC,Uusimaa
LOC,Schaumburg
LOC,Rijswijk
LOC,Nepal
LOC,Worldwide
LOC,Mechanicsburg
LOC,Tn
LOC,Tunisia
LOC,Bulgaria
LOC,Sacramento
LOC,Hybrid
LOC,Craiova
LOC,France
LOC,Charleroi
LOC,USCanada
LOC,Krakow
LOC,Annapolis
LOC,Hemaraj
LOC,George
LOC,Hilversum
LOC,Uruguay
LOC,Indonesia
LOC,So
LOC,Pcs
LOC,Zurich
LOC,Coimbatore
LOC,Site
LOC,Berlin
LOC,Florida
LOC,Canberra
LOC,Melbourne
LOC,Overland
LOC,Newark
LOC,Pedro
LOC,Madrid
LOC,Princeton
LOC,Ottawa
LOC,America
LOC,Makati
LOC,QUEBEC
LOC,Greater
LOC,QC
LOC,Israel
LOC,Swansea
LOC,County
LOC,Bayan
LOC,Frankfurt
LOC,Hill
LOC,Burnaby
LOC,Virtual
LOC,Stamford
LOC,Ciudad
LOC,Budapest
LOC,Western
LOC,Colombia
LOC,Lehi
LOC,Zagreb
LOC,San
LOC,Johannesburg
LOC,Coast
LOC,NAMEREMEA
LOC,India
LOC,Rennes
LOC,Colombo
LOC,Sofia
LOC,Fully
LOC,Seattle
LOC,Berkeley
LOC,Vietnam
LOC,Oslo
LOC,Yamoussoukro
LOC,Village
LOC,Voivodeship
LOC,Springfield
LOC,USRemote
LOC,IND
LOC,Telangana
LOC,Lausanne
LOC,Solna
LOC,Mississauga
LOC,Plantation
LOC,Kln
LOC,Kansas
LOC,Nuevo
LOC,Calabasas
LOC,Timisoara
LOC,Brabant
LOC,Petersburg
LOC,Asia
LOC,Mesa
LOC,SP
LOC,Basel
LOC,Korea
LOC,Sao
LOC,Noida
LOC,Islamabad
LOC,Gloucester
LOC,Lake
LOC,Auckland
LOC,Brisbane
LOC,Abingdon
LOC,St
LOC,Toru
LOC,Plymouth
LOC,Attica
LOC,Serbia
LOC,Lneburg
LOC,Oakland
LOC,Work
LOC,Town
LOC,Indiana
LOC,White
LOC,OH
LOC,Menlo
LOC,Pasadena
LOC,Ovar
LOC,Kathmandu
LOC,Area
LOC,Roubaix
LOC,Esbjerg
LOC,Gurugram
LOC,Glendale
LOC,Houston
LOC,Cardiff
LOC,Lavallette
LOC,Trumpington
LOC,Ramon
LOC,Cape
LOC,Honolulu
LOC,Campinas
LOC,Junction
LOC,ESP
LOC,Your
LOC,Weston
LOC,Angeles
LOC,Timioara
LOC,From
LOC,Denham
LOC,TN
LOC,Stream
LOC,Holland
LOC,EU
LOC,Viejo
LOC,East
LOC,AL
LOC,Santa
LOC,Township
LOC,AuvergneRhneAlpes
LOC,VA
LOC,Pennsylvania
LOC,Zamalek
LOC,Catalua
LOC,ON
LOC,Indianapolis
LOC,State
LOC,SaintSauveur
LOC,Missouri
LOC,Birmingham
LOC,Batu
LOC,Carolina
LOC,Lisbon
LOC,Munich
LOC,Arlington
LOC,Flexible
LOC,Marseille
LOC,Markham
LOC,Slovakia
LOC,CanadaRemote
LOC,Gewest
LOC,NC
LOC,Aires
LOC,WA
LOC,Philippines
LOC,BOWLING
LOC,SG
LOC,Brazil
LOC,Maharashtra
LOC,Bordeaux
LOC,OR
LOC,Novato
LOC,Guadalajara
LOC,California
LOC,Kyiv
LOC,Oldsmar
LOC,Puteaux
LOC,Stockholm
LOC,Koice
LOC,Industrial
LOC,American
LOC,Herndon
LOC,Luxembourg
LOC,Ireland
LOC,Ullern
LOC,AB
LOC,Northern
LOC,CharentonlePont
LOC,Kong
LOC,Wales
LOC,Lagos
LOC,Nashville
LOC,Karlsruhe
LOC,Egypt
LOC,Zrich
LOC,Porto
LOC,Haifa
LOC,Tartu
LOC,AvivYafo
LOC,Pasig
LOC,Flemish
LOC,Jaipur
LOC,Quebec
LOC,Chicago
LOC,Southeast
LOC,MX
LOC,Toulouse
LOC,MD
LOC,Lesser
LOC,Debrecen
LOC,CALIFORNIA
LOC,Mexico
LOC,Dublin
LOC,Enkhuizen
LOC,IssylesMoulineaux
LOC,Zwolle
LOC,Central
LOC,Armenia
LOC,OttawaHybrid
LOC,GA
LOC,IN
LOC,NV
LOC,M
LOC,Renningen
LOC,Location
LOC,Oblast
LOC,Research
LOC,Espoo
LOC,Remote
LOC,Visayas
LOC,Tel
LOC,Gppingen
LOC,Estate
LOC,Global
LOC,Irving
LOC,JP
LOC,Guildford
LOC,Waterloo
LOC,BengaluruPune
LOC,Mlaga
LOC,Jordan
LOC,Hong
LOC,States
LOC,Mahrajne
LOC,Victoria
LOC,Britain
LOC,Seaboard
LOC,RaleighDurham
LOC,Hoofdstedelijk
LOC,LATAM
LOC,Saltillo
LOC,Lublin
LOC,Germany
LOC,De
LOC,Argentina
LOC,Bornem
LOC,Hawthorne
LOC,Darlington
LOC,Bogot
LOC,Paulo
LOC,Camp
LOC,Federal
LOC,Ontario
LOC,Metz
LOC,Turin
LOC,Norway
LOC,Morocco
LOC,PT
LOC,Chandler
LOC,MA
LOC,Wegberg
LOC,Taiwan
LOC,LevalloisPerret
LOC,Braga
LOC,Buenos
LOC,Lauderdale
LOC,Vilnius
LOC,Paris
LOC,GBR
LOC,Yerevan
LOC,Prospect
LOC,Englewood
LOC,Oregon
LOC,BoulogneBillancourt
LOC,Huntsville
LOC,Catalunya
LOC,Brentford
LOC,Smyrni
LOC,FeuerbachImmenstaadBerlin
LOC,Helsinki
LOC,Marrakesh
LOC,Hills
LOC,Aliso
LOC,College
LOC,Lahore
LOC,NorthSouth
LOC,Phoenix
LOC,Plano
LOC,Stuttgart
LOC,Louis
LOC,Sarasota
LOC,Palm
LOC,Richmond
LOC,Christchurch
LOC,Chantilly
LOC,Dsseldorf
LOC,Cyberjaya
LOC,Jakarta
LOC,Wellington
LOC,Juriquilla
LOC,Foster
LOC,Reno
LOC,Delhi
LOC,Based
LOC,LeinfeldenEchterdingen
LOC,Territory
LOC,View
LOC,Mary
LOC,Utrecht
LOC,CityRemote
LOC,Czechia
LOC,Smith
LOC,Chi
LOC,Ukraine
LOC,Fort
LOC,SF
LOC,Poland
LOC,KOR
LOC,Francisco
LOC,EMEA
LOC,British
LOC,Columbus
LOC,Cit
LOC,Gujarat
LOC,Iowa
LOC,Barcelona
LOC,Hovedstaden
LOC,Scotland
LOC,Ann
LOC,Schwieberdingen
LOC,Somerville
LOC,Carol
LOC,York
LOC,Sunnyvale
LOC,Cambridge
LOC,Culham
LOC,Pfreimd
LOC,Hyderabad
LOC,Bern
LOC,Braslia
LOC,Georgia
LOC,Lower
LOC,Hamburg
LOC,Seberang
LOC,Distributed
LOC,Westborough
LOC,Lisboa
LOC,Grandlancy
LOC,Hungary
LOC,Cote
LOC,Newbury
LOC,Beach
LOC,Estonia
LOC,Diego
LOC,Ballston
LOC,Jealotts
LOC,Greece
LOC,Kirkland
LOC,Malm
LOC,Amsterdam
LOC,TokyoJapan
LOC,Saba
LOC,Bucureti
LOC,European
LOC,UT
LOC,Anywhere
LOC,Springs
LOC,Derby
LOC,Austria
LOC,ROU
LOC,Kawan
LOC,Alberta
LOC,London
LOC,Rica
LOC,Minh
LOC,Spain
LOC,Washington
LOC,Finland
LOC,Riga
LOC,REMOTE
LOC,Bavaria
LOC,LIRemote
LOC,Nanterre
LOC,ZuidHolland
LOC,Brussels
LOC,Chile
LOC,Redwood
LOC,Massachusetts
LOC,Rodange
LOC,Cairo
LOC,Tampa
LOC,SC
LOC,Reston
LOC,JPN
LOC,Bogota
LOC,AZ
LOC,South
LOC,Perai
LOC,Basingstoke
LOC,Eindhoven
LOC,Canada
LOC,Japan
LOC,Niort
LOC,District
LOC,Redditch
LOC,Metropolitan
LOC,PA
LOC,Cyprus
LOC,Pozna
LOC,Malta
LOC,Jurez
LOC,Arbor
LOC,Paolo
LOC,Medelln
LOC,Minneapolis
LOC,UK
LOC,US
LOC,Dubai
LOC,Only
LOC,Madison
LOC,Sweden
LOC,Beograd
LOC,Nadu
LOC,Scottsdale
LOC,JBAB
LOC,Reutlingen
LOC,Paiania
LOC,Garza
LOC,Milano
LOC,Panama
LOC,AixenProvence
LOC,Cluses
LOC,Madhya
LOC,Detroit
LOC,World
LOC,Canton
LOC,Jose
LOC,Rome
LOC,Rio
LOC,Thailand
LOC,TX
LOC,TelAviv
LOC,Cebu
LOC,Tokyo
LOC,DE
LOC,Worth
LOC,Ca
LOC,Gland
LOC,McLean
LOC,WoluweSaintLambert
LOC,Tamil
LOC,Geneva
LOC,SaintHerblain
LOC,Athina
LOC,Mateo
LOC,Memphis
LOC,Gateshead
LOC,RemoteUnited
LOC,UNITED
LOC,Antonio
LOC,Masovian
LOC,DC
LOC,Vienna
LOC,Milan
LOC,Peru
LOC,Downers
LOC,Altos
LOC,Selatan
LOC,Montrouge
LOC,Tysons
LOC,Utah
LOC,Tallinn
LOC,Bnh
LOC,Gatos
LOC,Gdask
LOC,Monica
LOC,Park
LOC,Neckar
LOC,Ankara
LOC,Chandigarh
LOC,Region
LOC,Eastern
LOC,RemoteUS
LOC,Universal
LOC,Djazair
LOC,Zealand
LOC,NY
LOC,USA
LOC,Clara
LOC,Dinasta
LOC,MI
LOC,Londonderry
LOC,Austin
LOC,Katowice
LOC,Portland
LOC,Seoul
LOC,Belgium
LOC,Westminster
LOC,Liverpool
LOC,Manhattan
LOC,Silesian
LOC,Chennai
LOC,Morrisville
LOC,Latvia
LOC,IL
LOC,Boulder
LOC,Richardson
LOC,Ahmedabad
LOC,Marousi
LOC,Eching
LOC,H
LOC,Pakistan
LOC,Haven
LOC,Jersey
LOC,Connecticut
LOC,Los
LOC,Maryland
LOC,Arab
LOC,NoordHolland
LOC,Denmark
LOC,Chai
LOC,Community
LOC,Bellevue
LOC,YORK
LOC,Costa
LOC,Indore
LOC,CA
LOC,Lille
LOC,Lanka
LOC,Warsaw
LOC,Fairfax
LOC,ChampsurDrac
LOC,Mascot
LOC,NH
LOC,Valencian
LOC,HQ
LOC,Singapore
LOC,Louisville
LOC,Glasgow
LOC,Irvine
LOC,Copenhagen
LOC,Harare
LOC,BR
LOC,West
LOC,ILLINOIS
LOC,Mxico
LOC,Lier
LOC,Vergne
LOC,Herzliya
LOC,CO
LOC,Manila
LOC,Centurion
LOC,North
LOC,Linz
LOC,Philadelphia
LOC,Tennessee
LOC,Dayton
LOC,Algeria
LOC,Taipei
LOC,Wrocaw
LOC,FR
LOC,Brampton
LOC,Gurgaon
LOC,Oxford
LOC,SaintDenis
LOC,Needham
